2015/3/31,172.2
2015/4/1,171.48
2015/4/2,172.01
2015/4/6,173.2
2015/4/7,172.86
2015/4/8,173.17
2015/4/9,173.95
2015/4/10,175
2015/4/13,174.19
2015/4/14,174.5
2015/4/15,175.53
2015/4/16,175.33
2015/4/17,173.31
2015/4/20,175.03
2015/4/21,174.69
2015/4/22,175.58
2015/4/23,175.99
2015/4/24,176.72
2015/4/27,176.19
2015/4/28,176.8
2015/4/29,176.14
2015/4/30,174.38
2015/5/1,176.25
2015/5/4,176.76
2015/5/5,174.77
2015/5/6,173.96
2015/5/7,174.52
2015/5/8,176.9
2015/5/11,175.98
2015/5/12,175.51
2015/5/13,175.48
2015/5/14,177.38
2015/5/15,177.51
2015/5/18,178.03
2015/5/19,177.89
2015/5/20,177.77
2015/5/21,178.22
2015/5/22,177.84
2015/5/26,176.01
2015/5/27,177.65
2015/5/28,177.42
2015/5/29,176.39
2015/6/1,176.75
2015/6/2,176.53
2015/6/3,176.99
2015/6/4,175.5
2015/6/5,175.26
2015/6/8,174.16
2015/6/9,174.29
2015/6/10,176.41
2015/6/11,176.75
2015/6/12,175.49
2015/6/15,174.67
2015/6/16,175.73
2015/6/17,176.04
2015/6/18,177.65
2015/6/19,176.61
2015/6/22,177.61
2015/6/23,177.82
2015/6/24,176.64
2015/6/25,176.07
2015/6/26,176.1
2015/6/29,172.46
2015/6/30,172.87
2015/7/1,174.04
2015/7/2,173.94
2015/7/6,173.18
2015/7/7,174.09
2015/7/8,171.22
2015/7/9,171.51
2015/7/10,173.56
2015/7/13,175.48
2015/7/14,176.17
2015/7/15,176
2015/7/16,177.36
2015/7/17,177.07
2015/7/20,177.32
2015/7/21,176.52
2015/7/22,175.91
2015/7/23,174.93
2015/7/24,173.15
2015/7/27,172.1
2015/7/28,174.12
2015/7/29,175.43
2015/7/30,175.51
2015/7/31,175.06
2015/8/3,174.44
2015/8/4,173.94
2015/8/5,174.41
2015/8/6,173.03
2015/8/7,172.52
2015/8/10,174.77
2015/8/11,172.74
2015/8/12,172.92
2015/8/13,172.69
2015/8/14,173.4
2015/8/17,174.26
2015/8/18,173.81
2015/8/19,172.3
2015/8/20,168.71
2015/8/21,163.34
2015/8/24,156.8
2015/8/25,154.65
2015/8/26,160.67
2015/8/27,164.63
2015/8/28,164.74
2015/8/31,163.49
2015/9/1,158.57
2015/9/2,161.37
2015/9/3,161.56
2015/9/4,159.05
2015/9/8,163.01
2015/9/9,160.73
2015/9/10,161.65
2015/9/11,162.42
2015/9/14,161.75
2015/9/15,163.85
2015/9/16,165.38
2015/9/17,164.82
2015/9/18,162.24
2015/9/21,163.07
2015/9/22,161.17
2015/9/23,160.88
2015/9/24,160.33
2015/9/25,160.47
2015/9/28,156.51
2015/9/29,156.75
2015/9/30,159.59
2015/10/1,159.76
2015/10/2,161.94
2015/10/5,165.04
2015/10/6,164.58
2015/10/7,165.83
2015/10/8,167.2
2015/10/9,167.31
2015/10/12,167.43
2015/10/13,166.41
2015/10/14,165.59
2015/10/15,168.01
2015/10/16,168.86
2015/10/19,168.9
2015/10/20,168.78
2015/10/21,167.83
2015/10/22,170.76
2015/10/23,172.63
2015/10/26,172.16
2015/10/27,171.65
2015/10/28,173.73
2015/10/29,173.57
2015/10/30,172.67
2015/11/2,174.7
2015/11/3,175.35
2015/11/4,174.7
2015/11/5,174.58
2015/11/6,174.62
2015/11/9,172.85
2015/11/10,173.03
2015/11/11,172.47
2015/11/12,170.08
2015/11/13,168.04
2015/11/16,170.55
2015/11/17,170.19
2015/11/18,172.91
2015/11/19,172.76
2015/11/20,173.32
2015/11/23,173.09
2015/11/24,173.31
2015/11/25,173.21
2015/11/27,173.28
2015/11/30,172.56
2015/12/1,174.28
2015/12/2,172.34
2015/12/3,169.86
2015/12/4,173.43
2015/12/7,172.28
2015/12/8,171.03
2015/12/9,169.88
2015/12/10,170.21
2015/12/11,166.87
2015/12/14,167.69
2015/12/15,169.52
2015/12/16,172.02
2015/12/17,169.38
2015/12/18,166.34
2015/12/21,167.6
2015/12/22,169.07
2015/12/23,171.11
2015/12/24,170.78
2015/12/28,170.39
2015/12/29,172.21
2015/12/30,170.93
2015/12/31,169.28
2016/1/4,166.73
2016/1/5,166.94
2016/1/6,164.71
2016/1/7,160.72
2016/1/8,159.04
2016/1/11,159.25
2016/1/12,160.52
2016/1/13,156.68
2016/1/14,159.37
2016/1/15,155.81
2016/1/19,155.87
2016/1/20,153.97
2016/1/21,154.74
2016/1/22,157.84
2016/1/25,155.45
2016/1/26,157.75
2016/1/27,156.03
2016/1/28,156.92
2016/1/29,160.77
2016/2/1,160.6
2016/2/2,157.38
2016/2/3,158.4
2016/2/4,158.83
2016/2/5,155.95
2016/2/8,153.94
2016/2/9,153.75
2016/2/10,153.58
2016/2/11,151.79
2016/2/12,154.8
2016/2/16,157.3
2016/2/17,159.9
2016/2/18,159.26
2016/2/19,159.19
2016/2/22,161.55
2016/2/23,159.44
2016/2/24,160.1
2016/2/25,161.95
2016/2/26,161.61
2016/2/29,160.28
2016/3/1,164.18
2016/3/2,164.91
2016/3/3,165.52
2016/3/4,166.03
2016/3/7,166.21
2016/3/8,164.41
2016/3/9,165.12
2016/3/10,165.1
2016/3/11,167.7
2016/3/14,167.55
2016/3/15,167.39
2016/3/16,168.35
2016/3/17,169.5
2016/3/18,170.25
2016/3/21,170.33
2016/3/22,170.16
2016/3/23,169.12
2016/3/24,169.2
2016/3/28,169.3
2016/3/29,170.79
2016/3/30,171.64
2016/3/31,171.29
2016/4/1,172.33
2016/4/4,171.7
2016/4/5,170.04
2016/4/6,171.7
2016/4/7,169.57
2016/4/8,170.04
2016/4/11,169.73
2016/4/12,171.42
2016/4/13,173.23
2016/4/14,173.4
2016/4/15,173.16
2016/4/18,174.21
2016/4/19,174.97
2016/4/20,175.1
2016/4/21,174.21
2016/4/22,174.25
2016/4/25,173.97
2016/4/26,174.25
2016/4/27,174.38
2016/4/28,172.9
2016/4/29,172.09
2016/5/2,173.5
2016/5/3,171.91
2016/5/4,170.93
2016/5/5,170.74
2016/5/6,171.34
2016/5/9,171.46
2016/5/10,173.63
2016/5/11,172.01
2016/5/12,171.97
2016/5/13,170.44
2016/5/16,172.19
2016/5/17,170.54
2016/5/18,170.53
2016/5/19,169.98
2016/5/20,170.88
2016/5/23,170.48
2016/5/24,172.78
2016/5/25,174.02
2016/5/26,174.08
2016/5/27,174.78
2016/5/31,174.63
2016/6/1,174.71
2016/6/2,175.16
2016/6/3,174.64
2016/6/6,175.51
2016/6/7,175.69
2016/6/8,176.17
2016/6/9,175.84
2016/6/10,174.31
2016/6/13,172.89
2016/6/14,172.53
2016/6/15,172.22
2016/6/16,172.94
2016/6/17,172.46
2016/6/20,173.34
2016/6/21,173.83
2016/6/22,173.51
2016/6/23,175.84
2016/6/24,169.71
2016/6/27,166.72
2016/6/28,169.68
2016/6/29,172.62
2016/6/30,175.01
2016/7/1,175.25
2016/7/5,174.12
2016/7/6,175.1
2016/7/7,174.99
2016/7/8,177.63
2016/7/11,178.19
2016/7/12,179.43
2016/7/13,179.47
2016/7/14,180.39
2016/7/15,180.23
2016/7/18,180.65
2016/7/19,180.48
2016/7/20,181.28
2016/7/21,180.74
2016/7/22,181.68
2016/7/25,181.13
2016/7/26,181.07
2016/7/27,180.95
2016/7/28,181.14
2016/7/29,181.26
2016/8/1,181.05
2016/8/2,179.87
2016/8/3,180.43
2016/8/4,180.49
2016/8/5,181.96
2016/8/8,181.85
2016/8/9,181.86
2016/8/10,181.31
2016/8/11,182.13
2016/8/12,181.97
2016/8/15,182.44
2016/8/16,181.5
2016/8/17,181.79
2016/8/18,182.13
2016/8/19,181.83
2016/8/22,181.73
2016/8/23,182.05
2016/8/24,181.17
2016/8/25,180.88
2016/8/26,180.62
2016/8/29,181.54
2016/8/30,181.21
2016/8/31,180.81
2016/9/1,180.73
2016/9/2,181.49
2016/9/6,181.97
2016/9/7,181.85
2016/9/8,181.34
2016/9/9,176.99
2016/9/12,179.53
2016/9/13,176.93
2016/9/14,176.87
2016/9/15,178.66
2016/9/16,178.01
2016/9/19,177.98
2016/9/20,178.05
2016/9/21,179.9
2016/9/22,181.04
2016/9/23,179.99
2016/9/26,178.48
2016/9/27,179.68
2016/9/28,180.67
2016/9/29,179.04
2016/9/30,180.54
2016/10/3,179.96
2016/10/4,179.06
2016/10/5,179.79
2016/10/6,179.94
2016/10/7,179.44
2016/10/10,180.18
2016/10/11,178.06
2016/10/12,178.22
2016/10/13,177.7
2016/10/14,177.8
2016/10/17,177.2
2016/10/18,178.05
2016/10/19,178.34
2016/10/20,178.02
2016/10/21,177.95
2016/10/24,178.76
2016/10/25,178.07
2016/10/26,177.72
2016/10/27,177.13
2016/10/28,176.32
2016/10/31,176.38
2016/11/1,175.15
2016/11/2,174.08
2016/11/3,173.29
2016/11/4,173.02
2016/11/7,176.9
2016/11/8,177.54
2016/11/9,179.5
2016/11/10,179.96
2016/11/11,179.88
2016/11/14,179.84
2016/11/15,181.14
2016/11/16,180.9
2016/11/17,181.67
2016/11/18,181.22
2016/11/21,182.48
2016/11/22,182.94
2016/11/23,183.1
2016/11/25,183.9
2016/11/28,182.91
2016/11/29,183.03
2016/11/30,182.54
2016/12/1,182.02
2016/12/2,182.02
2016/12/5,183.04
2016/12/6,183.68
2016/12/7,186.18
2016/12/8,186.62
2016/12/9,187.72
2016/12/12,187.62
2016/12/13,188.88
2016/12/14,187.29
2016/12/15,188.06
2016/12/16,187.7
2016/12/19,188.04
2016/12/20,188.72
2016/12/21,188.23
2016/12/22,187.86
2016/12/23,188.07
2016/12/27,188.51
2016/12/28,186.99
2016/12/29,186.93
2016/12/30,186.07
2017/1/3,187.59
2017/1/4,188.63
2017/1/5,188.39
2017/1/6,189
2017/1/9,188.35
2017/1/10,188.25
2017/1/11,188.85
2017/1/12,188.53
2017/1/13,188.83
2017/1/17,188.36
2017/1/18,188.55
2017/1/19,187.83
2017/1/20,188.42
2017/1/23,187.83
2017/1/24,188.99
2017/1/25,190.42
2017/1/26,190.2
2017/1/27,190.07
2017/1/30,189.07
2017/1/31,188.87
2017/2/1,189.06
2017/2/2,189.09
2017/2/3,190.45
2017/2/6,190.03
2017/2/7,190.07
2017/2/8,190.16
2017/2/9,191.26
2017/2/10,191.89
2017/2/13,192.9
2017/2/14,193.8
2017/2/15,194.77
2017/2/16,194.56
2017/2/17,194.82
2017/2/21,196.04
2017/2/22,195.88
2017/2/23,195.88
2017/2/24,196.22
2017/2/27,196.25
2017/2/28,195.68
2017/3/1,198.27
2017/3/2,197.2
2017/3/3,197.28
2017/3/6,196.62
2017/3/7,195.99
2017/3/8,195.64
2017/3/9,195.73
2017/3/10,196.42
2017/3/13,196.41
2017/3/14,195.78
2017/3/15,197.43
2017/3/16,197.2
2017/3/17,196.74
2017/3/20,196.36
2017/3/21,194.08
2017/3/22,194.41
2017/3/23,194.24
2017/3/24,194.14
2017/3/27,193.82
2017/3/28,195.27
2017/3/29,195.38
2017/3/30,196.05
2017/3/31,195.61
2017/4/3,195.23
2017/4/4,195.38
2017/4/5,194.87
2017/4/6,195.17
2017/4/7,194.89
2017/4/10,195.03
2017/4/11,194.69
2017/4/12,194.03
2017/4/13,192.62
2017/4/17,194.2
2017/4/18,193.77
2017/4/19,193.38
2017/4/20,194.9
2017/4/21,194.22
2017/4/24,196.2
2017/4/25,197.37
2017/4/26,197.26
2017/4/27,197.35
2017/4/28,196.77
2017/5/1,197.26
2017/5/2,197.4
2017/5/3,197.12
2017/5/4,197.2
2017/5/5,197.95
2017/5/8,198.02
2017/5/9,197.76
2017/5/10,197.95
2017/5/11,197.53
2017/5/12,197.22
2017/5/15,198.08
2017/5/16,197.92
2017/5/17,194.18
2017/5/18,194.91
2017/5/19,196.22
2017/5/22,197.12
2017/5/23,197.51
2017/5/24,197.97
2017/5/25,198.73
2017/5/26,198.77
2017/5/30,198.57
2017/5/31,198.4
2017/6/1,199.92
2017/6/2,200.57
2017/6/5,200.34
2017/6/6,199.85
2017/6/7,200.18
2017/6/8,200.27
2017/6/9,200.22
2017/6/12,200.05
2017/6/13,200.91
2017/6/14,200.68
2017/6/15,200.19
2017/6/16,200.19
2017/6/19,201.9
2017/6/20,200.61
2017/6/21,200.45
2017/6/22,200.47
2017/6/23,200.74
2017/6/26,200.87
2017/6/27,199.37
2017/6/28,201.16
2017/6/29,199.53
2017/6/30,199.88
2017/7/3,200.41
2017/7/5,200.68
2017/7/6,198.71
2017/7/7,199.99
2017/7/10,200.18
2017/7/11,200.05
2017/7/12,201.48
2017/7/13,201.94
2017/7/14,202.86
2017/7/17,202.87
2017/7/18,202.8
2017/7/19,203.7
2017/7/20,203.68
2017/7/21,203.56
2017/7/24,203.36
2017/7/25,204.3
2017/7/26,204.35
2017/7/27,204.08
2017/7/28,203.74
2017/7/31,203.62
2017/8/1,204.19
2017/8/2,204.4
2017/8/3,204.04
2017/8/4,204.44
2017/8/7,204.89
2017/8/8,204.48
2017/8/9,204.31
2017/8/10,201.25
2017/8/11,201.49
2017/8/14,203.61
2017/8/15,203.49
2017/8/16,203.66
2017/8/17,200.51
2017/8/18,200.04
2017/8/21,200.23
2017/8/22,202.16
2017/8/23,201.5
2017/8/24,201.09
2017/8/25,201.54
2017/8/28,201.73
2017/8/29,201.83
2017/8/30,202.75
2017/8/31,203.92
2017/9/1,204.43
2017/9/5,202.84
2017/9/6,203.55
2017/9/7,203.48
2017/9/8,203.25
2017/9/11,205.56
2017/9/12,206.34
2017/9/13,206.54
2017/9/14,206.29
2017/9/15,206.68
2017/9/18,206.95
2017/9/19,207.22
2017/9/20,207.35
2017/9/21,206.67
2017/9/22,206.81
2017/9/25,206.25
2017/9/26,206.24
2017/9/27,206.99
2017/9/28,207.32
2017/9/29,208.09
2017/10/2,209.03
2017/10/3,209.49
2017/10/4,209.72
2017/10/5,210.8
2017/10/6,210.52
2017/10/9,210.1
2017/10/10,210.6
2017/10/11,210.83
2017/10/12,210.33
2017/10/13,210.54
2017/10/16,211.06
2017/10/17,211.2
2017/10/18,211.45
2017/10/19,211.66
2017/10/20,212.58
2017/10/23,211.75
2017/10/24,212.2
2017/10/25,211.16
2017/10/26,211.58
2017/10/27,213.34
2017/10/30,212.63
2017/10/31,212.81
2017/11/1,213.12
2017/11/2,213.03
2017/11/3,213.81
2017/11/6,213.99
2017/11/7,213.94
2017/11/8,214.22
2017/11/9,213.47
2017/11/10,213.32
2017/11/13,213.39
2017/11/14,212.82
2017/11/15,211.64
2017/11/16,213.43
2017/11/17,212.81
2017/11/20,213.08
2017/11/21,214.51
2017/11/22,214.41
2017/11/24,214.87
2017/11/27,214.69
2017/11/28,216.88
2017/11/29,216.79
2017/11/30,218.62
2017/12/1,218.26
2017/12/4,218.15
2017/12/5,217.26
2017/12/6,217.05
2017/12/7,217.61
2017/12/8,218.85
2017/12/11,219.74
2017/12/12,220.06
2017/12/13,219.86
2017/12/14,218.96
2017/12/15,220.94
2017/12/18,222.16
2017/12/19,221.44
2017/12/20,221.32
2017/12/21,221.81
2017/12/22,221.7
2017/12/26,221.4
2017/12/27,221.61
2017/12/28,222.03
2017/12/29,220.83
2018/1/2,222.76
2018/1/3,224.01
2018/1/4,225.03
2018/1/5,226.53
2018/1/8,226.75
2018/1/9,226.99
2018/1/10,226.67
2018/1/11,228.23
2018/1/12,229.64
2018/1/16,228.86
2018/1/17,230.94
2018/1/18,230.65
2018/1/19,231.53
2018/1/22,233.43
2018/1/23,233.96
2018/1/24,233.69
2018/1/25,233.65
2018/1/26,236.58
2018/1/29,234.98
2018/1/30,232.24
2018/1/31,232.39
2018/2/1,232.25
2018/2/2,227.42
2018/2/5,218.12
2018/2/6,222.18
2018/2/7,221.07
2018/2/8,212.72
2018/2/9,215.74
2018/2/12,218.73
2018/2/13,219.36
2018/2/14,222.36
2018/2/15,224.88
2018/2/16,224.95
2018/2/20,223.56
2018/2/21,222.15
2018/2/22,222.5
2018/2/23,226.05
2018/2/26,228.88
2018/2/27,226.03
2018/2/28,223.42
2018/3/1,220.63
2018/3/2,221.57
2018/3/5,224.04
2018/3/6,224.63
2018/3/7,224.38
2018/3/8,225.25
2018/3/9,229.07
2018/3/12,228.95
2018/3/13,227.47
2018/3/14,226.2
2018/3/15,226.03
2018/3/16,226.57
2018/3/19,223.32
2018/3/20,223.59
2018/3/21,223.1
2018/3/22,217.49
2018/3/23,212.66
2018/3/26,218.56
2018/3/27,214.76
2018/3/28,214.2
2018/3/29,217.1
2018/4/2,212.29
2018/4/3,214.89
2018/4/4,217.48
2018/4/5,218.94
2018/4/6,214.18
2018/4/9,214.79
2018/4/10,218.59
2018/4/11,217.3
2018/4/12,219.13
2018/4/13,218.4
2018/4/16,220.12
2018/4/17,222.4
2018/4/18,222.59
2018/4/19,221.49
2018/4/20,219.48
2018/4/23,219.56
2018/4/24,216.86
2018/4/25,217.3
2018/4/26,219.8
2018/4/27,220.25
2018/4/30,218.5
2018/5/1,219.08
2018/5/2,217.54
2018/5/3,217.06
2018/5/4,219.85
2018/5/7,220.61
2018/5/8,220.5
2018/5/9,222.49
2018/5/10,224.59
2018/5/11,225.09
2018/5/14,225.4
2018/5/15,223.84
2018/5/16,224.75
2018/5/17,224.51
2018/5/18,223.82
2018/5/21,225.41
2018/5/22,224.95
2018/5/23,225.64
2018/5/24,225.11
2018/5/25,224.57
2018/5/29,222.1
2018/5/30,224.9
2018/5/31,223.3
2018/6/1,225.68
2018/6/4,226.67
2018/6/5,226.87
2018/6/6,228.86
2018/6/7,228.67
2018/6/8,229.42
2018/6/11,229.65
2018/6/12,229.99
2018/6/13,228.96
2018/6/14,229.5
2018/6/15,229.3
2018/6/18,228.63
2018/6/19,227.76
2018/6/20,228.01
2018/6/21,226.63
2018/6/22,227.07
2018/6/25,223.98
2018/6/26,224.51
2018/6/27,222.56
2018/6/28,224.07
2018/6/29,224.32
2018/7/2,225.05
2018/7/3,223.89
2018/7/5,225.74
2018/7/6,227.68
2018/7/9,229.66
2018/7/10,230.46
2018/7/11,228.78
2018/7/12,230.96
2018/7/13,231.33
2018/7/16,231.2
2018/7/17,232.06
2018/7/18,232.4
2018/7/19,231.59
2018/7/20,231.32
2018/7/23,231.68
2018/7/24,232.65
2018/7/25,234.94
2018/7/26,233.75
2018/7/27,232.16
2018/7/30,230.92
2018/7/31,232.06
2018/8/1,232.14
2018/8/2,233.5
2018/8/3,234.76
2018/8/6,235.59
2018/8/7,236.15
2018/8/8,236.25
2018/8/9,235.88
2018/8/10,234.18
2018/8/13,233.31
2018/8/14,234.84
2018/8/15,233.27
2018/8/16,235.14
2018/8/17,235.95
2018/8/20,236.31
2018/8/21,236.75
2018/8/22,236.82
2018/8/23,236.47
2018/8/24,237.9
2018/8/27,239.65
2018/8/28,239.84
2018/8/29,241.33
2018/8/30,240.32
2018/8/31,240.57
2018/9/4,240.17
2018/9/5,239.32
2018/9/6,238.28
2018/9/7,237.72
2018/9/10,238.13
2018/9/11,239.08
2018/9/12,239.07
2018/9/13,240.42
2018/9/14,240.36
2018/9/17,238.93
2018/9/18,239.97
2018/9/19,240.26
2018/9/20,242.34
2018/9/21,242.23
2018/9/24,241.48
2018/9/25,241.18
2018/9/26,240.37
2018/9/27,241.04
2018/9/28,241.02
2018/10/1,241.92
2018/10/2,241.82
2018/10/3,241.99
2018/10/4,240.01
2018/10/5,238.71
2018/10/8,238.59
2018/10/9,238.29
2018/10/10,230.5
2018/10/11,225.82
2018/10/12,229.2
2018/10/15,227.66
2018/10/16,232.6
2018/10/17,232.55
2018/10/18,229.15
2018/10/19,229.22
2018/10/22,228.32
2018/10/23,227.09
2018/10/24,220
2018/10/25,224.36
2018/10/26,220.49
2018/10/29,219.34
2018/10/30,222.48
2018/10/31,224.81
2018/11/1,227.09
2018/11/2,225.6
2018/11/5,226.65
2018/11/6,228.04
2018/11/7,232.96
2018/11/8,232.41
2018/11/9,230.21
2018/11/12,225.73
2018/11/13,225.41
2018/11/14,223.46
2018/11/15,225.93
2018/11/16,226.38
2018/11/19,222.62
2018/11/20,218.33
2018/11/21,219.12
2018/11/23,217.65
2018/11/26,221.26
2018/11/27,222.04
2018/11/28,227.12
2018/11/29,226.43
2018/11/30,228.47
2018/12/3,231.03
2018/12/4,223.74
2018/12/6,223.45
2018/12/7,217.97
2018/12/10,218.45
2018/12/11,218.3
2018/12/12,219.36
2018/12/13,219.51
2018/12/14,215.59
2018/12/17,211.1
2018/12/18,211.11
2018/12/19,207.86
2018/12/20,204.62
2018/12/21,200.3
2018/12/24,194.88
2018/12/26,204.6
2018/12/27,206.35
2018/12/28,206.05
2018/12/31,207.8
2019/1/2,208.12
2019/1/3,202.94
2019/1/4,209.85
2019/1/7,211.33
2019/1/8,213.38
2019/1/9,214.12
2019/1/10,215.04
2019/1/11,215.05
2019/1/14,213.94
2019/1/15,216.2
2019/1/16,216.72
2019/1/17,218.28
2019/1/18,221.08
2019/1/22,218.2
2019/1/23,218.8
2019/1/24,218.9
2019/1/25,220.55
2019/1/28,218.6
2019/1/29,218.09
2019/1/30,221.37
2019/1/31,223.27
2019/2/1,223.26
2019/2/4,224.73
2019/2/5,225.88
2019/2/6,225.53
2019/2/7,223.41
2019/2/8,223.43
2019/2/11,223.53
2019/2/12,226.3
2019/2/13,227.03
2019/2/14,226.39
2019/2/15,228.9
2019/2/19,229.25
2019/2/20,229.55
2019/2/21,228.97
2019/2/22,230.46
2019/2/25,230.76
2019/2/26,230.72
2019/2/27,230.54
2019/2/28,229.58
2019/3/1,231.13
2019/3/4,230.32
2019/3/5,230.03
2019/3/6,228.59
2019/3/7,226.76
2019/3/8,226.35
2019/3/11,229.85
2019/3/12,230.63
2019/3/13,232.35
2019/3/14,232.29
2019/3/15,233.48
2019/3/18,234.33
2019/3/19,234.23
2019/3/20,233.33
2019/3/21,235.93
2019/3/22,231.51
2019/3/25,231.38
2019/3/26,233.25
2019/3/27,232.18
2019/3/28,232.99
2019/3/29,234.59
2019/4/1,237.19
2019/4/2,237.37
2019/4/3,238.09
2019/4/4,238.54
2019/4/5,239.61
2019/4/8,240.03
2019/4/9,238.61
2019/4/10,239.55
2019/4/11,239.28
2019/4/12,240.5
2019/4/15,240.48
2019/4/16,240.41
2019/4/17,239.96
2019/4/18,240.39
2019/4/22,240.63
2019/4/23,242.62
2019/4/24,242.09
2019/4/25,242.25
2019/4/26,243.38
2019/4/29,243.59
2019/4/30,244.34
2019/5/1,242.55
2019/5/2,242
2019/5/3,244.44
2019/5/6,243.47
2019/5/7,239.55
2019/5/8,239.14
2019/5/9,238.3
2019/5/10,239.18
2019/5/13,233.44
2019/5/14,235.35
2019/5/15,236.74
2019/5/16,238.98
2019/5/17,237.65
2019/5/20,236.05
2019/5/21,237.93
2019/5/22,237.21
2019/5/23,234.56
2019/5/24,234.88
2019/5/28,232.83
2019/5/29,231.22
2019/5/30,231.67
2019/5/31,228.63
2019/6/3,228.02
2019/6/4,232.85
2019/6/5,234.83
2019/6/6,236.32
2019/6/7,238.92
2019/6/10,240.12
2019/6/11,240.05
2019/6/12,239.76
2019/6/13,240.74
2019/6/14,240.4
2019/6/17,240.38
2019/6/18,242.66
2019/6/19,243.42
2019/6/20,245.67
2019/6/21,245.44
2019/6/24,244.92
2019/6/25,242.41
2019/6/26,242.22
2019/6/27,243.01
2019/6/28,244.28
2019/7/1,246.3
2019/7/2,247.12
2019/7/3,249.02
2019/7/5,248.54
2019/7/8,247.36
2019/7/9,247.57
2019/7/10,248.82
2019/7/11,249.48
2019/7/12,250.5
2019/7/15,250.74
2019/7/16,249.91
2019/7/17,248.4
2019/7/18,249.27
2019/7/19,247.55
2019/7/22,248.39
2019/7/23,250.14
2019/7/24,251.21
2019/7/25,250.03
2019/7/26,252.08
2019/7/29,251.94
2019/7/30,251.22
2019/7/31,248.53
2019/8/1,246.44
2019/8/2,244.6
2019/8/5,237.37
2019/8/6,240.46
2019/8/7,240.65
2019/8/8,245.13
2019/8/9,243.53
2019/8/12,240.58
2019/8/13,244.35
2019/8/14,237.25
2019/8/15,237.59
2019/8/16,241.14
2019/8/19,244.09
2019/8/20,242.25
2019/8/21,244.39
2019/8/22,244.15
2019/8/23,237.74
2019/8/26,240.46
2019/8/27,239.75
2019/8/28,241.18
2019/8/29,244.18
2019/8/30,244.38
2019/9/3,242.84
2019/9/4,245.41
2019/9/5,248.59
2019/9/6,248.96
2019/9/9,248.96
2019/9/10,249.02
2019/9/11,250.76
2019/9/12,251.69
2019/9/13,251.51
2019/9/16,250.57
2019/9/17,251.21
2019/9/18,251.32
2019/9/19,251.38
2019/9/20,250.13
2019/9/23,250.27
2019/9/24,248.19
2019/9/25,249.74
2019/9/26,249.14
2019/9/27,247.82
2019/9/30,248.98
2019/10/1,245.91
2019/10/2,241.21
2019/10/3,243.09
2019/10/4,246.67
2019/10/7,245.67
2019/10/8,241.83
2019/10/9,244.2
2019/10/10,245.85
2019/10/11,248.4
2019/10/14,248.06
2019/10/15,250.56
2019/10/16,249.92
2019/10/17,250.76
2019/10/18,250.26
2019/10/21,252.08
2019/10/22,251.33
2019/10/23,251.94
2019/10/24,252.22
2019/10/25,253.22
2019/10/28,254.79
2019/10/29,254.32
2019/10/30,255.16
2019/10/31,254.56
2019/11/1,256.98
2019/11/4,257.95
2019/11/5,257.49
2019/11/6,257.79
2019/11/7,258.77
2019/11/8,259.47
2019/11/11,258.9
2019/11/12,259.21
2019/11/13,259.66
2019/11/14,259.77
2019/11/15,261.71
2019/11/18,261.9
2019/11/19,261.6
2019/11/20,260.58
2019/11/21,260.19
2019/11/22,260.63
2019/11/25,262.66
2019/11/26,263.34
2019/11/27,264.36
2019/11/29,263.27
2019/12/2,261.06
2019/12/3,259.38
2019/12/4,261.07
2019/12/5,261.53
2019/12/6,263.81
2019/12/9,263.03
2019/12/10,262.82
2019/12/11,263.45
2019/12/12,265.97
2019/12/13,266.29
2019/12/16,268.2
2019/12/17,268.13
2019/12/18,267.84
2019/12/19,268.87
2019/12/20,270.19
2019/12/23,270.33
2019/12/24,270.36
2019/12/26,272.02
2019/12/27,272.1
2019/12/30,270.59
2019/12/31,271.37
2020/1/2,273.71
2020/1/3,271.58
2020/1/6,272.58
2020/1/7,271.66
2020/1/8,273.12
2020/1/9,274.92
2020/1/10,274.24
2020/1/13,276.11
2020/1/14,275.63
2020/1/15,276.12
2020/1/16,278.5
2020/1/17,279.79
2020/1/21,279.15
2020/1/22,279.4
2020/1/23,279.55
2020/1/24,276.96
2020/1/27,272.57
2020/1/28,275.46
2020/1/29,275.19
2020/1/30,276.66
2020/1/31,271.88
2020/2/3,273.95
2020/2/4,277.99
2020/2/5,280.96
2020/2/6,282.03
2020/2/7,280.67
2020/2/10,282.93
2020/2/11,283.25
2020/2/12,285.2
2020/2/13,284.53
2020/2/14,285.17
2020/2/18,284.21
2020/2/19,285.68
2020/2/20,284.54
2020/2/21,281.29
2020/2/24,271.74
2020/2/25,263.55
2020/2/26,262.74
2020/2/27,250.54
2020/2/28,248.82
2020/3/2,260.86
2020/3/3,253.52
2020/3/4,264.21
2020/3/5,255.48
2020/3/6,251.16
2020/3/9,232.13
2020/3/10,243.54
2020/3/11,232.18
2020/3/12,210.19
2020/3/13,230.32
2020/3/16,202.71
2020/3/17,215.02
2020/3/18,204.14
2020/3/19,205.19
2020/3/20,196.14
2020/3/23,190.73
2020/3/24,208.43
2020/3/25,210.29
2020/3/26,223.54
2020/3/27,216.1
2020/3/30,223.61
2020/3/31,219.87
2020/4/1,210.1
2020/4/2,215.23
2020/4/3,211.96
2020/4/6,226.89
2020/4/7,226.34
2020/4/8,233.76
2020/4/9,236.98
2020/4/13,235.07
2020/4/14,242.61
2020/4/15,237.22
2020/4/16,239.03
2020/4/17,245.01
2020/4/20,240.57
2020/4/21,233.2
2020/4/22,238.33
2020/4/23,237.96
2020/4/24,241.33
2020/4/27,244.93
2020/4/28,243.43
2020/4/29,250.08
2020/4/30,247.77
2020/5/1,240.77
2020/5/4,242.01
2020/5/5,244.43
2020/5/6,242.97
2020/5/7,245.52
2020/5/8,249.5
2020/5/11,250.05
2020/5/12,244.95
2020/5/13,240.74
2020/5/14,243.75
2020/5/15,244.69
2020/5/18,251.71
2020/5/19,249.1
2020/5/20,253.42
2020/5/21,251.35
2020/5/22,252.02
2020/5/26,254.7
2020/5/27,258.13
2020/5/28,257.5
2020/5/29,258.75
2020/6/1,259.73
2020/6/2,261.8
2020/6/3,264.9
2020/6/4,264
2020/6/5,270.72
2020/6/8,273.88
2020/6/9,272.57
2020/6/10,271.7
2020/6/11,255.93
2020/6/12,259.12
2020/6/15,261.03
2020/6/16,266.03
2020/6/17,265.26
2020/6/18,265.24
2020/6/19,264.04
2020/6/22,265.9
2020/6/23,267.46
2020/6/24,260.84
2020/6/25,263.89
2020/6/26,257.15
2020/6/29,260.78
2020/6/30,265.09
2020/7/1,266.63
2020/7/2,267.9
2020/7/6,272.52
2020/7/7,269.54
2020/7/8,272.03
2020/7/9,270.87
2020/7/10,273.39
2020/7/13,270.73
2020/7/14,274.12
2020/7/15,275.97
2020/7/16,274.9
2020/7/17,275.66
2020/7/20,278.63
2020/7/21,278.81
2020/7/22,280.3
2020/7/23,276.23
2020/7/24,274.5
2020/7/27,276.77
2020/7/28,274.83
2020/7/29,278.21
2020/7/30,277.23
2020/7/31,280
2020/8/3,282.17
2020/8/4,283.05
2020/8/5,284.89
2020/8/6,287.3
2020/8/7,287.15
2020/8/10,287.74
2020/8/11,285.21
2020/8/12,289.65
2020/8/13,289.13
2020/8/14,289.01
2020/8/17,289.93
2020/8/18,290.93
2020/8/19,289.68
2020/8/20,291.13
2020/8/21,292.43
2020/8/24,295.22
2020/8/25,296.42
2020/8/26,299.87
2020/8/27,300.15
2020/8/28,302.03
2020/8/31,301.67
2020/9/1,303.92
2020/9/2,308.3
2020/9/3,296.82
2020/9/4,294.36
2020/9/8,285.42
2020/9/9,291.61
2020/9/10,286.25
2020/9/11,286.22
2020/9/14,289.82
2020/9/15,291.38
2020/9/16,289.5
2020/9/17,286.86
2020/9/18,283.4
2020/9/21,280.69
2020/9/22,283.93
2020/9/23,276.96
2020/9/24,278.05
2020/9/25,282.7
2020/9/28,287.19
2020/9/29,285.83
2020/9/30,288.36
2020/10/1,290
2020/10/2,286.65
2020/10/5,292.09
2020/10/6,287.71
2020/10/7,292.73
2020/10/8,294.82
2020/10/9,297.63
2020/10/12,303.4
2020/10/13,301.47
2020/10/14,299.34
2020/10/15,298.58
2020/10/16,298.63
2020/10/19,293.51
2020/10/20,295.18
2020/10/21,294.57
2020/10/22,295.96
2020/10/23,296.85
2020/10/26,291.5
2020/10/27,291.22
2020/10/28,280.41
2020/10/29,283.99
2020/10/30,280.11
2020/11/2,283.34
2020/11/3,288.6
2020/11/4,296.15
2020/11/5,302.12
2020/11/6,301.85
2020/11/9,303.95
2020/11/10,302.66
2020/11/11,305.52
2020/11/12,302.72
2020/11/13,306.51
2020/11/16,309.53
2020/11/17,307.99
2020/11/18,304.34
2020/11/19,305.61
2020/11/20,303.46
2020/11/23,304.73
2020/11/24,309.59
2020/11/25,309.24
2020/11/27,310.27
2020/11/30,309.03
2020/12/1,312.62
2020/12/2,313.21
2020/12/3,312.66
2020/12/4,315.2
2020/12/7,314.58
2020/12/8,315.5
2020/12/9,312.76
2020/12/10,312.17
2020/12/11,311.32
2020/12/14,310.13
2020/12/15,314.27
2020/12/16,314.9
2020/12/17,316.39
2020/12/18,314.86
2020/12/21,314.53
2020/12/22,313.85
2020/12/23,313.94
2020/12/24,314.97
2020/12/28,318.41
2020/12/29,317.69
2020/12/30,317.38
2020/12/31,319.14
2021/1/4,314.47
2021/1/5,316.73
2021/1/6,317.86
2021/1/7,322.65
2021/1/8,324.12
2021/1/11,322.32
2021/1/12,322.1
2021/1/13,323.15
2021/1/14,321.54
2021/1/15,319.39
2021/1/19,321.93
2021/1/20,326.96
2021/1/21,327.63
2021/1/22,326.87
2021/1/25,328.12
2021/1/26,327.82
2021/1/27,319.48
2021/1/28,322.29
2021/1/29,316.35
2021/2/1,321.45
2021/2/2,325.42
2021/2/3,326.12
2021/2/4,329.09
2021/2/5,330.45
2021/2/8,332.33
2021/2/9,331.75
2021/2/10,331.85
2021/2/11,332.36
2021/2/12,333.73
2021/2/16,333.59
2021/2/17,333.54
2021/2/18,332.27
2021/2/19,331.27
2021/2/22,328.7
2021/2/23,329.15
2021/2/24,332.19
2021/2/25,324.36
2021/2/26,323.04
2021/3/1,330.51
2021/3/2,327.88
2021/3/3,323.75
2021/3/4,320.4
2021/3/5,326.79
2021/3/8,324.52
2021/3/9,328.83
2021/3/10,330.51
2021/3/11,333.93
2021/3/12,333.86
2021/3/15,335.89
2021/3/16,336.18
2021/3/17,336.89
2021/3/18,332.11
2021/3/19,331.79
2021/3/22,334.45
2021/3/23,332.27
2021/3/24,330.61
2021/3/25,331.99
2021/3/26,337.79
2021/3/29,337.89
2021/3/30,336.3
2021/3/31,337.46
2021/4/1,341.62
2021/4/5,346.78
2021/4/6,346.25
2021/4/7,347.49
2021/4/8,348.73
2021/4/9,351.97
2021/4/12,351.58
2021/4/13,352.55
2021/4/14,350.99
2021/4/15,355.31
2021/4/16,356.5
2021/4/19,354.94
2021/4/20,352.43
2021/4/21,355.51
2021/4/22,352.07
2021/4/23,356.07
2021/4/26,356.64
2021/4/27,356.92
2021/4/28,356.87
2021/4/29,359.56
2021/4/30,356.7
2021/5/3,357.66
2021/5/4,354.9
2021/5/5,355.51
2021/5/6,358.37
2021/5/7,361.06
2021/5/10,357.15
2021/5/11,353.9
2021/5/12,346.3
2021/5/13,350.49
2021/5/14,355.61
2021/5/17,354.66
2021/5/18,351.55
2021/5/19,350.44
2021/5/20,354.19
2021/5/21,353.81
2021/5/24,357.44
2021/5/25,356.65
2021/5/26,357.37
2021/5/27,357.15
2021/5/28,357.63
2021/6/1,357.4
2021/6/2,358.08
2021/6/3,356.85
2021/6/4,360.19
2021/6/7,360.1
2021/6/8,360.31
2021/6/9,359.74
2021/6/10,361.59
2021/6/11,362.28
2021/6/14,363.12
2021/6/15,362.21
2021/6/16,360.53
2021/6/17,360.5
2021/6/18,355.83
2021/6/21,360.69
2021/6/22,362.67
2021/6/23,362.32
2021/6/24,364.32
2021/6/25,365.29
2021/6/28,366.21
2021/6/29,366.69
2021/6/30,367.27
2021/7/1,368.96
2021/7/2,372.3
2021/7/6,371.89
2021/7/7,373.24
2021/7/8,370.18
2021/7/9,374
2021/7/12,375.42
2021/7/13,374.43
2021/7/14,374.88
2021/7/15,373.57
2021/7/16,370.79
2021/7/19,364.95
2021/7/20,370.23
2021/7/21,373.19
2021/7/22,374.2
2021/7/23,377.6
2021/7/26,378.69
2021/7/27,376.41
2021/7/28,376.08
2021/7/29,378.22
2021/7/30,375.8
2021/8/2,375.49
2021/8/3,378.56
2021/8/4,376.66
2021/8/5,378.67
2021/8/6,379.09
2021/8/9,378.62
2021/8/10,379.1
2021/8/11,379.97
2021/8/12,381.35
2021/8/13,382.15
2021/8/16,383.21
2021/8/17,380.46
2021/8/18,376.24
2021/8/19,376.74
2021/8/20,379.98
2021/8/23,383.45
2021/8/24,383.98
2021/8/25,384.66
2021/8/26,382.4
2021/8/27,385.67
2021/8/30,387.52
2021/8/31,387.03
2021/9/1,387.06
2021/9/2,388.07
2021/9/3,388.02
2021/9/7,386.81
2021/9/8,386.39
2021/9/9,384.33
2021/9/10,381.13
2021/9/13,382.49
2021/9/14,380.24
2021/9/15,383.69
2021/9/16,383.1
2021/9/17,379.61
2021/9/20,372.84
2021/9/21,372.51
2021/9/22,376.33
2021/9/23,380.92
2021/9/24,381.38
2021/9/27,380.37
2021/9/28,372.66
2021/9/29,373.07
2021/9/30,368.5
2021/10/1,373.05
2021/10/4,368.3
2021/10/5,372.1
2021/10/6,373.8
2021/10/7,377.38
2021/10/8,376.87
2021/10/11,374.53
2021/10/12,373.5
2021/10/13,374.61
2021/10/14,381.3
2021/10/15,384.59
2021/10/18,385.77
2021/10/19,388.5
2021/10/20,390.01
2021/10/21,391.3
2021/10/22,391.08
2021/10/25,393.03
2021/10/26,394.76
2021/10/27,393.81
2021/10/28,397.83
2021/10/29,398.8
2021/11/1,399.23
2021/11/2,400.91
2021/11/3,403.69
2021/11/4,406.39
2021/11/5,407.86
2021/11/8,408.27
2021/11/9,406.92
2021/11/10,403.55
2021/11/11,403.77
2021/11/12,406.32
2021/11/15,405.93
2021/11/16,407.96
2021/11/17,407.19
2021/11/18,409.67
2021/11/19,409.33
2021/11/22,407.97
2021/11/23,408.83
2021/11/24,409.75
2021/11/26,399.97
2021/11/29,405.66
2021/11/30,398.84
2021/12/1,394.72
2021/12/2,399.88
2021/12/3,396.05
2021/12/6,400.31
2021/12/7,408.82
2021/12/8,409.98
2021/12/9,407.02
2021/12/10,411.15
2021/12/13,406.63
2021/12/14,403.24
2021/12/15,410.26
2021/12/16,406.11
2021/12/17,401.69
2021/12/20,397.2
2021/12/21,404.21
2021/12/22,408.73
2021/12/23,411.37
2021/12/27,417.23
2021/12/28,416.65
2021/12/29,417.12
2021/12/30,415.59
2021/12/31,414.57
2022/1/3,418.01
2022/1/4,417.14
2022/1/5,408.99
2022/1/6,407.91
2022/1/7,406.27
2022/1/10,406.1
2022/1/11,409.93
2022/1/12,411.41
2022/1/13,405.12
2022/1/14,405.57
2022/1/18,398.48
2022/1/19,394.53
2022/1/20,390.3
2022/1/21,383.53
2022/1/24,384.17
2022/1/25,379.24
2022/1/26,379.37
2022/1/27,377.09
2022/1/28,386.87
2022/1/31,393.85
2022/2/1,396.26
2022/2/2,400.85
2022/2/3,392.67
2022/2/4,395.22
2022/2/7,393.81
2022/2/8,397.23
2022/2/9,402.55
2022/2/10,395.09
2022/2/11,387.1
2022/2/14,386.19
2022/2/15,392.57
2022/2/16,393.15
2022/2/17,384.67
2022/2/18,381.66
2022/2/22,377.73
2022/2/23,370.5
2022/2/24,376.09
2022/2/25,383.99
2022/2/28,382.98
2022/3/1,377.06
2022/3/2,384.08
2022/3/3,382
2022/3/4,378.64
2022/3/7,367.31
2022/3/8,364.75
2022/3/9,374.29
2022/3/10,372.64
2022/3/11,367.8
2022/3/14,364.58
2022/3/15,372.59
2022/3/16,381.17
2022/3/17,385.75
2022/3/18,390.54
2022/3/21,390.67
2022/3/22,395.24
2022/3/23,390.64
2022/3/24,396.38
2022/3/25,398.23
2022/3/28,401.49
2022/3/29,406.26
2022/3/30,403.67
2022/3/31,396.97
2022/4/1,398.1
2022/4/4,401.85
2022/4/5,396.3
2022/4/6,391.67
2022/4/7,393.44
2022/4/8,392.12
2022/4/11,384.8
2022/4/12,383.45
2022/4/13,388.14
2022/4/14,382.99
2022/4/18,383.2
2022/4/19,389.06
2022/4/20,389.42
2022/4/21,383.97
2022/4/22,373.15
2022/4/25,375.32
2022/4/26,364.05
2022/4/27,365.38
2022/4/28,374.48
2022/4/29,360.28
2022/5/2,362.05
2022/5/3,363.79
2022/5/4,374.57
2022/5/5,361.33
2022/5/6,359.75
2022/5/9,348.15
2022/5/10,349.33
2022/5/11,343.76
2022/5/12,342.66
2022/5/13,350.95
2022/5/16,349.85
2022/5/17,356.94
2022/5/18,342.37
2022/5/19,339.91
2022/5/20,340.41
2022/5/23,347.4
2022/5/24,344.68
2022/5/25,347.58
2022/5/26,354.06
2022/5/27,362.76
2022/5/31,361.06
2022/6/1,358.95
2022/6/2,364.93
2022/6/3,359.14
2022/6/6,360.2
2022/6/7,363.68
2022/6/8,359.91
2022/6/9,351.11
2022/6/10,340.51
2022/6/13,327.55
2022/6/14,326.63
2022/6/15,331.4
2022/6/16,321.05
2022/6/17,321.72
2022/6/21,330.09
2022/6/22,329.7
2022/6/23,332.96
2022/6/24,342.85
2022/6/27,341.73
2022/6/28,335.01
2022/6/29,335.19
2022/6/30,331.62
2022/7/1,335
2022/7/5,335.84
2022/7/6,337.2
2022/7/7,342.35
2022/7/8,341.95
2022/7/11,338.23
2022/7/12,334.85
2022/7/13,333.19
2022/7/14,332.29
2022/7/15,338.79
2022/7/18,335.75
2022/7/19,345.22
2022/7/20,347.06
2022/7/21,349.78
2022/7/22,346.16
2022/7/25,346.58
2022/7/26,342.52
2022/7/27,351.82
2022/7/28,355.88
2022/7/29,360.92
2022/8/1,359.54
2022/8/2,356.73
2022/8/3,362.6
2022/8/4,362.51
2022/8/5,362.43
2022/8/8,361.54
2022/8/9,360.39
2022/8/10,368.09
2022/8/11,368.1
2022/8/12,374.5
2022/8/15,375.72
2022/8/16,376.45
2022/8/17,373.86
2022/8/18,374.7
2022/8/19,369.89
2022/8/22,361.97
2022/8/23,361
2022/8/24,361.85
2022/8/25,366.95
2022/8/26,354.26
2022/8/29,351.81
2022/8/30,347.96
2022/8/31,345.02
2022/9/1,345.94
2022/9/2,342.36
2022/9/6,340.6
2022/9/7,346.45
2022/9/8,348.44
2022/9/9,353.84
2022/9/12,358.04
2022/9/13,342.36
2022/9/14,343.29
2022/9/15,339
2022/9/16,336.3
2022/9/19,338.52
2022/9/20,334.73
2022/9/21,328.89
2022/9/22,326.69
2022/9/23,321.2
2022/9/26,318.09
2022/9/27,317.29
2022/9/28,323.13
2022/9/29,316.65
2022/9/30,311.46
2022/10/3,320.5
2022/10/4,330.47
2022/10/5,330.42
2022/10/6,327.11
2022/10/7,317.68
2022/10/10,315.12
2022/10/11,313.19
2022/10/12,312.69
2022/10/13,321.18
2022/10/14,313.88
2022/10/17,322.21
2022/10/18,325.75
2022/10/19,323.35
2022/10/20,321.54
2022/10/21,329.44
2022/10/24,333.57
2022/10/25,338.61
2022/10/26,334.99
2022/10/27,332.85
2022/10/28,341.14
2022/10/31,338.64
2022/11/1,336.45
2022/11/2,328.32
2022/11/3,324.63
2022/11/4,329.86
2022/11/7,333.43
2022/11/8,335.3
2022/11/9,327.95
2022/11/10,346.29
2022/11/11,350.17
2022/11/14,347.03
2022/11/15,349.47
2022/11/16,346.76
2022/11/17,346.17
2022/11/18,347.68
2022/11/21,346.29
2022/11/22,351.11
2022/11/23,352.94
2022/11/25,352.54
2022/11/28,346.87
2022/11/29,346.12
2022/11/30,357.12
2022/12/1,356.65
2022/12/2,355.99
2022/12/5,349.81
2022/12/6,344.71
2022/12/7,344.06
2022/12/8,346.69
2022/12/9,343.67
2022/12/12,349.18
2022/12/13,351.97
2022/12/14,349.72
2022/12/15,340.71
2022/12/16,336.8
2022/12/19,333.62
2022/12/20,334.29
2022/12/21,339.33
2022/12/22,334.54
2022/12/23,336.48
2022/12/27,335.14
2022/12/28,330.83
2022/12/29,336.5
2022/12/30,335.67
2023/1/3,334.38
2023/1/4,336.12
2023/1/5,332.22
2023/1/6,339.95
2023/1/9,339.81
2023/1/10,342.3
2023/1/11,347.15
2023/1/12,348.37
2023/1/13,350.27
2023/1/17,349.3
2023/1/18,344
2023/1/19,341.58
2023/1/20,348.25
2023/1/23,352.35
2023/1/24,351.98
2023/1/25,351.99
2023/1/26,355.73
2023/1/27,356.51
2023/1/30,351.97
2023/1/31,357.06
2023/2/1,360.21
2023/2/2,365.14
2023/2/3,361.36
2023/2/6,358.79
2023/2/7,363.76
2023/2/8,359.61
2023/2/9,356.14
2023/2/10,357.27
2023/2/13,361.68
2023/2/14,361.29
2023/2/15,362.03
2023/2/16,357.21
2023/2/17,355.75
2023/2/21,348.87
2023/2/22,348.28
2023/2/23,350.5
2023/2/24,346.66
2023/2/27,347.54
2023/2/28,346.43
2023/3/1,344.78
2023/3/2,347.81
2023/3/3,353.31
2023/3/6,353.83
2023/3/7,348.31
2023/3/8,348.89
2023/3/9,342.67
2023/3/10,337.55
2023/3/13,337.3
2023/3/14,342.92
2023/3/15,341.07
2023/3/16,347.62
2023/3/17,344.56
2023/3/20,347.14
2023/3/21,351.76
2023/3/22,346.51
2023/3/23,347.62
2023/3/24,349.47
2023/3/27,349.84
2023/3/28,349.23
2023/3/29,354.29
2023/3/30,356.35
2023/3/31,361.19
2023/4/3,363.06
2023/4/4,360.93
2023/4/5,360.13
2023/4/6,361.77
2023/4/10,361.67
2023/4/11,361.08
2023/4/12,359.69
2023/4/13,364.75
2023/4/14,364.36
2023/4/17,365
2023/4/18,365.39
2023/4/19,365.52
2023/4/20,363.67
2023/4/21,363.97
2023/4/24,364.06
2023/4/25,358.18
2023/4/26,358
2023/4/27,364.92
2023/4/28,367.82
2023/5/1,367.73
2023/5/2,363.71
2023/5/3,361.1
2023/5/4,358.71
2023/5/5,366.07
2023/5/8,366.4
2023/5/9,364.54
2023/5/10,366.58
2023/5/11,366.13
2023/5/12,365.27
2023/5/15,366.29
2023/5/16,364.21
2023/5/17,368.58
2023/5/18,372.14
2023/5/19,371.46
2023/5/22,371.57
2023/5/23,367.36
2023/5/24,364.59
2023/5/25,368.36
2023/5/26,373.25
2023/5/30,373.33
2023/5/31,370.77
2023/6/1,374.9
2023/6/2,380.23
2023/6/5,379.6
2023/6/6,380.34
2023/6/7,378.16
2023/6/8,380.81
2023/6/9,381.5
2023/6/12,385.01
2023/6/13,387.79
2023/6/14,388.08
2023/6/15,392.66
2023/6/16,391.17
2023/6/20,389.48
2023/6/21,386.91
2023/6/22,389.03
2023/6/23,385.8
2023/6/26,383.59
2023/6/27,387.96
2023/6/28,387.93
2023/6/29,389.23
2023/6/30,394.26
2023/7/3,394.92
2023/7/5,394.01
2023/7/6,391.09
2023/7/7,389.96
2023/7/10,390.01
2023/7/11,392.4
2023/7/12,395.39
2023/7/13,399.35
2023/7/14,399.29
2023/7/17,400.72
2023/7/18,404.3
2023/7/19,405.52
2023/7/20,402
2023/7/21,402.03
2023/7/24,403.95
2023/7/25,405.19
2023/7/26,404.93
2023/7/27,402.18
2023/7/28,406.57
2023/7/31,407.6
2023/8/1,406.13
2023/8/2,400.19
2023/8/3,399.06
2023/8/4,397.11
2023/8/7,400.25
2023/8/8,398.61
2023/8/9,395.55
2023/8/10,395.74
2023/8/11,395.19
2023/8/14,397.73
2023/8/15,393.17
2023/8/16,390.28
2023/8/17,387.42
2023/8/18,387.21
2023/8/21,390.38
2023/8/22,389.3
2023/8/23,393.91
2023/8/24,388.39
2023/8/25,391.04
2023/8/28,393.39
2023/8/29,399.47
2023/8/30,401.09
2023/8/31,400.47
2023/9/1,401.29
2023/9/5,399.82
2023/9/6,396.47
2023/9/7,395.07
2023/9/8,395.81
2023/9/11,398.69
2023/9/12,396.55
2023/9/13,397.03
2023/9/14,400.17
2023/9/15,395.32
2023/9/18,395.43
2023/9/19,394.35
2023/9/20,390.12
2023/9/21,383.73
2023/9/22,382.62
2023/9/25,384.25
2023/9/26,378.39
2023/9/27,378.27
2023/9/28,380.65
2023/9/29,379.98
2023/10/2,380.74
2023/10/3,375.33
2023/10/4,378.72
2023/10/5,378.29
2023/10/6,383.01
2023/10/9,384.98
2023/10/10,386.9
2023/10/11,389.04
2023/10/12,387.06
2023/10/13,384.83
2023/10/16,388.99
2023/10/17,388.53
2023/10/18,383.2
2023/10/19,380.27
2023/10/20,375.54
2023/10/23,374.9
2023/10/24,377.92
2023/10/25,372.38
2023/10/26,367.36
2023/10/27,365.77
2023/10/30,370.61
2023/10/31,372.68
2023/11/1,376.86
2023/11/2,384.14
2023/11/3,387.38
2023/11/6,388.69
2023/11/7,389.92
2023/11/8,390.4
2023/11/9,386.86
2023/11/10,393
2023/11/13,392.5
2023/11/14,399.79
2023/11/15,400.39
2023/11/16,401.17
2023/11/17,401.28
2023/11/20,404.29
2023/11/21,403.38
2023/11/22,404.99
2023/11/24,404.99
2023/11/27,404.45
2023/11/28,404.97
2023/11/29,404.45
2023/11/30,405.81
2023/12/1,407.82
2023/12/4,405.24
2023/12/5,405.81
2023/12/6,403.98
2023/12/7,407.48
2023/12/8,409.01
2023/12/11,409.55
2023/12/12,411.42
2023/12/13,416.86
2023/12/14,418.02
2023/12/15,418.02
2023/12/18,419.77
2023/12/19,422.2
2023/12/20,416.4
2023/12/21,420.62
2023/12/22,421.17
2023/12/26,422.92
2023/12/27,423.55
2023/12/28,423.75
2023/12/29,422.63
2024/1/2,420.16
2024/1/3,417.1
2024/1/4,415.33
2024/1/5,415.99
2024/1/8,422.4
2024/1/9,421.83
2024/1/10,424.06
2024/1/11,423.82
2024/1/12,423.82
2024/1/16,422.66
2024/1/17,420.19
2024/1/18,423.65
2024/1/19,428.94
2024/1/22,429.66
2024/1/23,431.28
2024/1/24,431.88
2024/1/25,433.93
2024/1/26,433.54
2024/1/29,436.89
2024/1/30,436.16
2024/1/31,428.64
2024/2/1,434.26
2024/2/2,437.74
2024/2/5,436.93
2024/2/6,438.04
2024/2/7,441.25
2024/2/8,441.27
2024/2/9,444.62
2024/2/12,443.88
2024/2/13,437.88
2024/2/14,441.66
2024/2/15,443.46
2024/2/16,441.64
2024/2/20,438.65
2024/2/21,439.45
2024/2/22,449.24
2024/2/23,449.29
2024/2/26,447.45
2024/2/27,448.01
2024/2/28,446.93
2024/2/29,449.55
2024/3/1,452.7
2024/3/4,451.82
2024/3/5,447.17
2024/3/6,449.08
2024/3/7,453.42
2024/3/8,450.94
2024/3/11,451.18
2024/3/12,456.41
2024/3/13,455.62
2024/3/14,454.65
2024/3/15,451.55
2024/3/18,454.68
2024/3/19,457.36
2024/3/20,461.34
2024/3/21,462.42
2024/3/22,462.18
2024/3/25,460.96
2024/3/26,459.61
2024/3/27,463.59
2024/3/28,464.03
2024/4/1,463.29
2024/4/2,459.59
2024/4/3,459.99
2024/4/4,453.92
2024/4/5,458.84
2024/4/8,458.83
2024/4/9,459.46
2024/4/10,455.38
2024/4/11,459.34
2024/4/12,452.65
2024/4/15,447.16
2024/4/16,446.26
2024/4/17,443.42
2024/4/18,442.16
2024/4/19,437.74
2024/4/22,441.8
2024/4/23,446.95
2024/4/24,447.28
2024/4/25,446.47
2024/4/26,452.4
2024/4/29,454.21
2024/4/30,446.67
2024/5/1,443.97
2024/5/2,448.08
2024/5/3,454.09
2024/5/6,458.56
2024/5/7,458.93
2024/5/8,458.54
2024/5/9,460.81
2024/5/10,461.36
2024/5/13,461.79
2024/5/14,463.92
2024/5/15,469.51
2024/5/16,469.2
2024/5/17,469.68
2024/5/20,470.26
2024/5/21,472.19
2024/5/22,470.43
2024/5/23,467.79
2024/5/24,471.32
2024/5/28,472.13
2024/5/29,468.83
2024/5/30,465.79
2024/5/31,470.18
2024/6/3,470.73
2024/6/4,471.65
2024/6/5,477
2024/6/6,476.81
2024/6/7,476.41
2024/6/10,476.88
2024/6/11,478.55
2024/6/12,483
2024/6/13,484.36
2024/6/14,484.21
2024/6/17,487.66
2024/6/18,489.36
2024/6/20,487.65
2024/6/21,486.62
2024/6/24,485.21
2024/6/25,487.88
2024/6/26,488.05
2024/6/27,487.51
2024/6/28,485.85
2024/7/1,487.39
2024/7/2,490.34
2024/7/3,493.6
2024/7/5,495.82
2024/7/8,496.77
2024/7/9,497.73
2024/7/10,503.49
2024/7/11,498.37
2024/7/12,501.84
2024/7/15,503.64
2024/7/16,506.68
2024/7/17,500.2
2024/7/18,495.65
2024/7/19,491.86
2024/7/22,497.63
2024/7/23,496.12
2024/7/24,484.13
2024/7/25,480.87
2024/7/26,485.82
2024/7/29,486.53
2024/7/30,483.65
2024/7/31,490.95
2024/8/1,483.38
2024/8/2,475.88
2024/8/5,460.77
2024/8/6,465.14
2024/8/7,461.44
2024/8/8,472.14
2024/8/9,474.29
2024/8/12,474.69
2024/8/13,482.93
2024/8/14,484.89
2024/8/15,492.34
2024/8/16,493.8
2024/8/19,499.1
2024/8/20,497.84
2024/8/21,499.58
2024/8/22,494.88
2024/8/23,501.41
2024/8/26,500.17
2024/8/27,501.11
2024/8/28,497.84
2024/8/29,496.93
2024/8/30,501.14
2024/9/3,489.91
2024/9/4,488.92
2024/9/5,487.48
2024/9/6,480
2024/9/9,485.19
2024/9/10,486.68
2024/9/11,492.01
2024/9/12,495.56
2024/9/13,498.08
2024/9/16,498.1
2024/9/17,498
2024/9/18,496.63
2024/9/19,505.26
2024/9/20,503.44
2024/9/23,504.46
2024/9/24,506.11
2024/9/25,505.53
2024/9/26,507.73
2024/9/27,507.57
2024/9/30,510.2
2024/10/1,504.72
2024/10/2,504.76
2024/10/3,504.25
2024/10/4,507.91
2024/10/7,503.74
2024/10/8,508.73
2024/10/9,511.94
2024/10/10,511.05
2024/10/11,513.84
2024/10/14,518.72
2024/10/15,514.52
2024/10/16,517.35
2024/10/17,516.86
2024/10/18,518.75
2024/10/21,518.13
2024/10/22,518.22
2024/10/23,513.7
2024/10/24,515.07
2024/10/25,515.25
2024/10/28,516.75
2024/10/29,516.59
2024/10/30,514.55
2024/10/31,504.3
2024/11/1,505.43
2024/11/4,504.44
2024/11/5,510.12
2024/11/6,523.02
2024/11/7,526.83
2024/11/8,528.98
2024/11/11,529.69
2024/11/12,528.28
2024/11/13,527.89
2024/11/14,525.53
2024/11/15,519.18
2024/11/18,521.37
2024/11/19,523.68
2024/11/20,523.34
2024/11/21,525.91
2024/11/22,527.91
2024/11/25,529.21
2024/11/26,531.67
2024/11/27,530.08
2024/11/29,533
2024/12/2,534.44
2024/12/3,534.3
2024/12/4,537.48
2024/12/5,536.46
2024/12/6,536.17
2024/12/9,533.48
2024/12/10,532.66
2024/12/11,536.51
2024/12/12,533.37
2024/12/13,531.27
2024/12/16,531.61
2024/12/17,530.63
2024/12/18,516.12
2024/12/19,515.46
2024/12/20,521.5
2024/12/23,525.35
2024/12/24,530.86
2024/12/26,530.69
2024/12/27,524.47
2024/12/30,519.22
2024/12/31,516.87
2025/1/2,514.87
2025/1/3,521.72
2025/1/6,524.51
2025/1/7,518.65
2025/1/8,519.72
2025/1/10,511.4
2025/1/13,512.41
2025/1/14,512.57
2025/1/15,522.27
2025/1/16,520
2025/1/17,524.93
2025/1/21,528.4
2025/1/22,531.47
2025/1/23,533.95
2025/1/24,531.99
2025/1/27,524.61
2025/1/28,530.35
2025/1/29,527.64
2025/1/30,528.96
2025/1/31,525.03
2025/2/3,519.91
2025/2/4,523.45
2025/2/5,525.01
2025/2/6,526.85
2025/2/7,522.16
2025/2/10,524.96
2025/2/11,525.51
2025/2/12,524.42
2025/2/13,530.97
2025/2/14,530.99
2025/2/18,532.93
2025/2/19,534.63
2025/2/20,533.12
2025/2/21,524.42
2025/2/24,522.21
2025/2/25,519.6
2025/2/26,517.98
2025/2/27,510.19
2025/2/28,518.9
2025/3/3,509.72
2025/3/4,503.9
2025/3/5,509.08
2025/3/6,501.91
2025/3/7,504.24
2025/3/10,489.74
2025/3/11,484.46
2025/3/12,486.31
2025/3/13,479.73
2025/3/14,489.92
2025/3/17,492.69
2025/3/18,487.66
2025/3/19,492.74
2025/3/20,492.13
2025/3/21,492.63
2025/3/24,501.05
2025/3/25,501.67
2025/3/26,496.41
2025/3/27,495.32
2025/3/28,485.95
2025/3/31,489.24
2025/4/1,491.46
2025/4/2,494.05
2025/4/3,470.9
2025/4/4,442.74
2025/4/7,439.91
2025/4/8,432.26
2025/4/9,473.24
2025/4/10,457.42
2025/4/11,466.37